{
  "controller/View1-dbg.controller.js": 1620903508592,
  "controller/View1.controller.js": 1620903508592,
  "manifest.json": 1620908123464,
  "model/models.js": 1620899629649,
  "model/leavedetails.json": 1620902290372,
  "Component.js": 1620899629645,
  "manifest-bundle.zip": 1620908123143,
  "Component-preload.js": 1620908123427,
  "Component-dbg.js": 1620899629645,
  "i18n/i18n.properties": 1620899629649,
  "model/models-dbg.js": 1620899629649,
  "resources.json": 1620908123466,
  "view/View1.view.xml": 1620905536207,
  "css/style.css": 1620899629649,
  "index.html": 1620899629645
}